parameter_name,value
colsample_bytree,0.7505867569007239
eta,0.05
gamma,0.5577852026713818
max_depth,26.0
min_child_weight,22.137211802747462
